[{"model": "auth.user", "pk": 1, "fields": {"password": "pbkdf2_sha256$120000$mil3syhxAQ6v$5RMiCDKSV1/0agBDqBurjIiVs0iiRJiS+MT0anN/Rnk=", "last_login": "2019-04-13T05:59:32.143Z", "is_superuser": true, "username": "admin", "first_name": "", "last_name": "", "email": "admin@admin.com", "is_staff": true, "is_active": true, "date_joined": "2019-04-11T18:52:54.483Z", "groups": [], "user_permissions": []}}, {"model": "auth.user", "pk": 2, "fields": {"password": "pbkdf2_sha256$120000$R4RehVkdVRz1$tlXowmxCbG6Eoj4AuXrDv7aMFMb6AlNzwOkWwq5+LAI=", "last_login": null, "is_superuser": false, "username": "Alvaro", "first_name": "", "last_name": "", "email": "", "is_staff": false, "is_active": true, "date_joined": "2019-04-11T23:38:33.120Z", "groups": [], "user_permissions": []}}, {"model": "sessions.session", "pk": "4vbvownes5uekq5prc4ahpo1vog86tsb", "fields": {"session_data": "MzczMDc0YjQ1YzIwZWJkNWE1NjU5NzA5NDE2ZDM0MzRkODE0ZjZmNzp7Il9hdXRoX3VzZXJfaWQiOiIxIiwiX2F1dGhfdXNlcl9iYWNrZW5kIjoiZGphbmdvLmNvbnRyaWIuYXV0aC5iYWNrZW5kcy5Nb2RlbEJhY2tlbmQiLCJfYXV0aF91c2VyX2hhc2giOiIxYWE4YzAwMGZhY2M3MTc3YzJlYTBmMjRmZTliM2M3YTQwYTM4MzYyIn0=", "expire_date": "2019-04-26T01:06:07.892Z"}}, {"model": "sessions.session", "pk": "5riw6yqvy94uq040jvczpphfr1ak7e5c", "fields": {"session_data": "MzczMDc0YjQ1YzIwZWJkNWE1NjU5NzA5NDE2ZDM0MzRkODE0ZjZmNzp7Il9hdXRoX3VzZXJfaWQiOiIxIiwiX2F1dGhfdXNlcl9iYWNrZW5kIjoiZGphbmdvLmNvbnRyaWIuYXV0aC5iYWNrZW5kcy5Nb2RlbEJhY2tlbmQiLCJfYXV0aF91c2VyX2hhc2giOiIxYWE4YzAwMGZhY2M3MTc3YzJlYTBmMjRmZTliM2M3YTQwYTM4MzYyIn0=", "expire_date": "2019-04-27T05:59:32.149Z"}}, {"model": "sessions.session", "pk": "ptu20ji2v8oiwij3g6okkezd2uov6foy", "fields": {"session_data": "MzczMDc0YjQ1YzIwZWJkNWE1NjU5NzA5NDE2ZDM0MzRkODE0ZjZmNzp7Il9hdXRoX3VzZXJfaWQiOiIxIiwiX2F1dGhfdXNlcl9iYWNrZW5kIjoiZGphbmdvLmNvbnRyaWIuYXV0aC5iYWNrZW5kcy5Nb2RlbEJhY2tlbmQiLCJfYXV0aF91c2VyX2hhc2giOiIxYWE4YzAwMGZhY2M3MTc3YzJlYTBmMjRmZTliM2M3YTQwYTM4MzYyIn0=", "expire_date": "2019-04-25T18:53:08.697Z"}}, {"model": "parent.shoppingcart", "pk": 1, "fields": {"updated_at": "2019-04-12T01:44:12.404Z", "price": "55.54"}}, {"model": "parent.shoppingcart", "pk": 2, "fields": {"updated_at": "2019-04-12T20:59:44.383Z", "price": "0.00"}}, {"model": "parent.shoppingcart", "pk": 3, "fields": {"updated_at": "2019-04-13T06:00:27.484Z", "price": "3.00"}}, {"model": "parent.shoppingcart", "pk": 4, "fields": {"updated_at": "2019-04-13T06:13:07.952Z", "price": "12.00"}}, {"model": "parent.user", "pk": 1, "fields": {"username": "alvaro", "password": "password", "name": "alvaro orozco", "nickname": "asdf", "email": "alvaro@alvaro.com", "home_address": "123", "created_at": "2019-04-11", "cart": 1}}, {"model": "parent.user", "pk": 2, "fields": {"username": "doubleodenis", "password": "pbkdf2_sha256$120000$TCtiruAGdTrI$Dzduw0zL9iAcL+MNyUmRrcw/O9csOd3LE0yXA6XjX50=", "name": "Denis Ortega", "nickname": "Double O Denis", "email": "email@email.com", "home_address": "", "created_at": "2019-04-12", "cart": 2}}, {"model": "parent.user", "pk": 3, "fields": {"username": "SMatP", "password": "pbkdf2_sha256$120000$983lRDk9TIJ0$oeA20g9LHkSg3FCS2UQw2ai5ecgD5ahv7q+DbQ+kIjE=", "name": "Sean Palmer", "nickname": "", "email": "spalm023@fiu.edu", "home_address": "", "created_at": "2019-04-13", "cart": 3}}, {"model": "parent.user", "pk": 4, "fields": {"username": "sAm", "password": "pbkdf2_sha256$120000$N1mY74ikwWAy$HqgvBUfW1EN1suXqYanOSerr+rKRmdX7HN9wtyl03Oc=", "name": "Sam", "nickname": "", "email": "samm@palmer.com", "home_address": "", "created_at": "2019-04-13", "cart": 4}}, {"model": "parent.category", "pk": 1, "fields": {"name": "Philosophy", "description": "Philosophy is the study of general and fundamental questions about existence, knowledge, values, reason, mind, and language. Such questions are often posed as problems to be studied or resolved. The term was probably coined by Pythagoras.", "created_at": "2019-04-11"}}, {"model": "parent.category", "pk": 2, "fields": {"name": "Computer Science", "description": "DescriptionComputer science is the study of processes that interact with data and that can be represented as data in the form of programs. It enables the use of algorithms to manipulate, store, and communicate digital information.", "created_at": "2019-04-11"}}, {"model": "parent.category", "pk": 3, "fields": {"name": "Comedy", "description": "Comedy is a literary genre and a type of dramatic work that is amusing and satirical in its tone, mostly having a cheerful ending. The motif of this dramatic work is triumph over unpleasant circumstance by creating comic effects, resulting in a happy or successful conclusion.", "created_at": "2019-04-13"}}, {"model": "parent.author", "pk": 1, "fields": {"name": "Nicholas Zakas", "biography": "Nicholas C. Zakas has been working on web applications since 2000, focusing on frontend development, and is known for writing and speaking about frontend best practices. He honed his experience during his five years at Yahoo!, where he was principal frontend engineer for the Yahoo! home page. He is the author of several books, including The Principles of Object-Oriented JavaScript (No Starch Press) and Professional JavaScript for Web Developers (Wrox).", "created_at": "2019-04-11"}}, {"model": "parent.author", "pk": 2, "fields": {"name": "Douglas Crockford", "biography": "Douglas Crockford has been called a JavaScript Guru, but he is more of a Mahatma. He was born in Frostbite Falls, Minnesota, but left when he was only six months old because it was just too damn cold. He has worked in learning systems, small business systems, office automation, games, interactive music, multimedia, location-based entertainment, social systems, and programming languages. He is the inventor of Tilton, the ugliest programming language that was not specifically designed to be an ugly programming language. He is best known for having discovered that there are good parts in JavaScript. That was the first important discovery of the Twenty First Century. He also discovered the JSON Data Interchange Format, the world's most loved data format.", "created_at": "2019-04-11"}}, {"model": "parent.author", "pk": 3, "fields": {"name": "Epictetus", "biography": "Epictetus was a Greek Stoic philosopher. He was born a slave at Hierapolis, Phrygia and lived in Rome until his banishment, when he went to Nicopolis in northwestern Greece for the rest of his life. His teachings were written down and published by his pupil Arrian in his Discourses and Enchiridion.", "created_at": "2019-04-11"}}, {"model": "parent.author", "pk": 4, "fields": {"name": "Marcus Aurelius", "biography": "Marcus Aurelius, called the Philosopher, was a Roman emperor from 161 to 180. He ruled the Roman Empire with his adoptive brother Lucius Verus until Lucius' death in 169. He was the last of the rulers traditionally known as the Five Good Emperors.", "created_at": "2019-04-11"}}, {"model": "parent.author", "pk": 5, "fields": {"name": "Eric Matthes", "biography": "Eric Matthes is a high school science and math teacher living in Alaska where he teaches Introduction to Python. He has been writing programs since he was five years old.", "created_at": "2019-04-12"}}, {"model": "parent.author", "pk": 6, "fields": {"name": "Mark Lutz", "biography": "Mark is the author of the three O\u2019Reilly books: Learning Python, Programming Python, and Python Pocket Reference, all currently in fourth or fifth editions. He has been using and promoting Python since 1992, started writing Python books in 1995, and began teaching Python classes in 1997. As of Spring 2013, Mark has instructed 260 Python training sessions, taught roughly 4,000 students in live classes, and written Python books that have sold 400,000 units and been translated to at least a dozen languages.", "created_at": "2019-04-12"}}, {"model": "parent.author", "pk": 7, "fields": {"name": "Bryan Lee O'Malley", "biography": "Bryan Lee O'Malley is a Canadian cartoonist best known for the bestselling, award-winning Oni Press series \"Scott Pilgrim\" (2004-2010). \"Scott Pilgrim\" was adapted into a critically-acclaimed major motion picture (from Universal) and video game (from Ubisoft) in 2010. O'Malley lives in Los Angeles, where he continues to make comics.", "created_at": "2019-04-13"}}, {"model": "parent.book", "pk": 1, "fields": {"category": 2, "cover": "book_covers/ecma.jpg", "title": "Understanding ECMAScript 6: The Definitive Guide for JavaScript Developers", "price": "19.28", "description": "ECMAScript 6 represents the biggest update to the core of JavaScript in the history of the language. In Understanding ECMAScript 6, expert developer Nicholas C. Zakas provides a complete guide to the object types, syntax, and other exciting changes that ECMAScript 6 brings to JavaScript. Every chapter is packed with example code that works in any JavaScript environment so you\u2019ll be able to see new features in action.", "publisher": "Amazon", "publicationDate": "2019-04-11", "ISBNThirteen": "978-1593277574", "ISBNTen": "97815932775", "pages": 352, "created_at": "2019-04-11", "authors": [1]}}, {"model": "parent.book", "pk": 2, "fields": {"category": 2, "cover": "book_covers/howjs.jpg", "title": "How JavaScript Works", "price": "50.00", "description": "Douglas Crockford starts by looking at the fundamentals: names, numbers, booleans, characters, and bottom values. JavaScript\u2019s number type is shown to be faulty and limiting, but then Crockford shows how to repair those problems. He then moves on to data structures and functions, exploring the underlying mechanisms and then uses higher order functions to achieve class-free object oriented programming. The book also looks at eventual programming, testing, and purity, all the while looking at the requirements of The Next Language. Most of our languages are deeply rooted in the paradigm that produced FORTRAN. Crockford attacks those roots, liberating us to consider the next paradigm.He also presents a strawman language and develops a complete transpiler to implement it. The book is deep, dense, full of code, and has moments when it is intentionally funny.", "publisher": "Amazon", "publicationDate": "2019-04-30", "ISBNThirteen": "978-1949815009", "ISBNTen": "1949815005", "pages": 279, "created_at": "2019-04-11", "authors": [2]}}, {"model": "parent.book", "pk": 3, "fields": {"category": 1, "cover": "book_covers/epicte.jpg", "title": "Enchiridion", "price": "3.00", "description": "Although he was born into slavery and endured a permanent physical disability, Epictetus (ca. 50\u2013ca. 130 AD) maintained that all people are free to control their lives and to live in harmony with nature. We will always be happy, he argued, if we learn to desire that things should be exactly as they are. After attaining his freedom, Epictetus spent his entire career teaching philosophy and advising a daily regimen of self-examination. His pupil Arrianus later collected and published the master's lecture notes; the Enchiridion, or Manual, is a distillation of Epictetus' teachings and an instructional manual for a tranquil life. Full of practical advice, this work offers guidelines for those seeking contentment as well as for those who have already made some progress in that direction. Translated by George Long.", "publisher": "Dover thrift", "publicationDate": "2019-04-14", "ISBNThirteen": "978-0486433592", "ISBNTen": "97804864335", "pages": 200, "created_at": "2019-04-11", "authors": [3]}}, {"model": "parent.book", "pk": 4, "fields": {"category": 2, "cover": "book_covers/python.jpg", "title": "Learning Python 5th Edition", "price": "38.50", "description": "Get a comprehensive, in-depth introduction to the core Python language with this hands-on book. Based on author Mark Lutz\u2019s popular training course, this updated fifth edition will help you quickly write efficient, high-quality code with Python. It\u2019s an ideal way to begin, whether you\u2019re new to programming or a professional developer versed in other languages.", "publisher": "Amazon", "publicationDate": "2019-04-12", "ISBNThirteen": "978-1449355739", "ISBNTen": "1449355730", "pages": 1648, "created_at": "2019-04-12", "authors": [6]}}, {"model": "parent.book", "pk": 5, "fields": {"category": 2, "cover": "book_covers/python2.jpg", "title": "Python Crash Course: A Hands-On, Project-Based Introduction to Programming", "price": "27.26", "description": "Python Crash Course is a fast-paced, thorough introduction to Python that will have you writing programs, solving problems, and making things that work in no time.\r\nIn the first half of the book, you\u2019ll learn about basic programming concepts, such as lists, dictionaries, classes, and loops, and practice writing clean and readable code with exercises for each topic. You\u2019ll also learn how to make your programs interactive and how to test your code safely before adding it to a project. In the second half of the book, you\u2019ll put your new knowledge into practice with three substantial projects: a Space Invaders\u2013inspired arcade game, data visualizations with Python\u2019s super-handy libraries, and a simple web app you can deploy online.", "publisher": "Amazon", "publicationDate": "2019-04-15", "ISBNThirteen": "978-159327603", "ISBNTen": "1593276036", "pages": 560, "created_at": "2019-04-12", "authors": [5]}}, {"model": "parent.book", "pk": 6, "fields": {"category": 3, "cover": "book_covers/51O4VM51CrL1.jpg", "title": "Scott Pilgrim's Precious Little Life", "price": "15.29", "description": "Just when you thought you knew all there was to know about SCOTT PILGRIM comes SCOTT PILGRIM COLOR HARDCOVER VOLUME 1: PRECIOUS LITTLE LIFE! The first in a series of brand-new hardcover editions, this remastered, 6\u201dx9\u201d hardcover presents Scott\u2019s first \u201cevil ex\u201d battle as you\u2019ve never seen it before\u2014in full-color! Plus, previously unpublished extras and bonus materials make this mighty tome one that\u2019s required reading for Scottaholics everywhere!", "publisher": "Oni Press", "publicationDate": "2010-07-15", "ISBNThirteen": "978-1620100004", "ISBNTen": "1620100002", "pages": 192, "created_at": "2019-04-13", "authors": [7]}}, {"model": "parent.book", "pk": 7, "fields": {"category": 3, "cover": "book_covers/81SVZlweRuL1.jpg", "title": "Scott Pilgrim vs The World", "price": "16.99", "description": "Presented in full color for the first time, this gorgeous package includes new bonus materials, as well as remastered artwork and lettering! The second volume in Bryan Lee O'Malley's epic, SCOTT PILGRIM VS. THE WORLD, sees Mr. Pilgrim face off against another of Ramona's exes\u2014Hollywood icon and skateboard enthusiast Lucas Lee!", "publisher": "Oni Press", "publicationDate": "2012-10-08", "ISBNThirteen": "978-1620100011", "ISBNTen": "1620100010", "pages": 224, "created_at": "2019-04-13", "authors": [7]}}, {"model": "parent.book", "pk": 8, "fields": {"category": 3, "cover": "book_covers/81SwAkfDhDL1.jpg", "title": "Scott Pilgrim & The Infinite Sadness", "price": "16.99", "description": "The full-color, completely remastered, utterly astounding republication of the SCOTT PILGRIM epic continues! This new 6\"x9\" hardcover presents Scott's run-in with Ramona ex, Envy boy toy, and The Clash at Demon Head with bassist Todd Ingram as you've never seen it before\u2014in full-color! Plus, previously unpublished extras, hard-to-find short stories, and exclusive bonus materials will make you see Scott Pilgrim in a whole new light!", "publisher": "Oni Press", "publicationDate": "2013-06-04", "ISBNThirteen": "978-1620100028", "ISBNTen": "1620100029", "pages": 240, "created_at": "2019-04-13", "authors": [7]}}, {"model": "parent.book", "pk": 9, "fields": {"category": 3, "cover": "book_covers/81YmmsVAzzL1.jpg", "title": "Scott Pilgrim Gets It Together", "price": "16.13", "description": "The full-color remastering of the SCOTT PILGRIM epic continues! It's summertime, but who can relax? Scott's relationship with Ramona Flowers is sweeter than ever, but he's still got girl troubles, seven evil ex-boyfriends still want to kill him, and worst of all, now Ramona wants him to get a job! Kicks, punches, rock & roll, subspace, half-ninjas, experience points, samurai swords, girly action, and laughable attempts to seek gainful employment are all that stand in the way of Scott Pilgrim getting it together! Includes previously unpublished extras, deleted scenes, and exclusive bonus content, all in glorious color!", "publisher": "Oni Press", "publicationDate": "2013-11-13", "ISBNThirteen": "978-1620100035", "ISBNTen": "1620100037", "pages": 240, "created_at": "2019-04-13", "authors": [7]}}, {"model": "parent.book", "pk": 10, "fields": {"category": 3, "cover": "book_covers/81VA9D1gBUL1.jpg", "title": "Scott Pilgrim vs The Universe", "price": "16.99", "description": "The penultimate SCOTT PILGRIM full-color hardcover edition is here! There are many questions in Scott Pilgrim's terrible little life. First of all, why did he have to turn twenty-four? Secondly, why do robots keep trying to kill him? And why is Sex Bob-omb falling apart? Why is Ramona acting so weird? And finally, why won't these brilliant and deadly Japanese twins leave him alone? Scott Pilgrim will find the answers to these questions... or die trying! Featuring exclusive bonus content and previously unpublished extras you won't find anywhere else in the Universe!", "publisher": "Oni Press", "publicationDate": "2014-08-13", "ISBNThirteen": "978-1620100042", "ISBNTen": "1620100045", "pages": 224, "created_at": "2019-04-13", "authors": [7]}}, {"model": "parent.book", "pk": 11, "fields": {"category": 3, "cover": "book_covers/81pp0qFbT5L1.jpg", "title": "Scott Pilgrim's Finest Hour", "price": "16.99", "description": "Scott Pilgrim has faced down six of Ramona Flowers's evil exes. But now that the happy couple is no more, was it even worth it? And if Scott and Ramona aren't together, then why do the ominous messages from Gideon Graves keep coming? This the end of the Scott Pilgrim saga like you've never seen it before\u2014in full, glorious color with a bevy of extras! This is truly SCOTT PILGRIM'S FINEST HOUR!", "publisher": "Oni Press", "publicationDate": "2015-05-05", "ISBNThirteen": "978-1620100059", "ISBNTen": "1620100053", "pages": 280, "created_at": "2019-04-13", "authors": [7]}}, {"model": "parent.profile", "pk": 1, "fields": {"user": 2, "picture": "/images/DefaultProfile.png", "bio": "", "owned_books": null}}, {"model": "parent.profile", "pk": 2, "fields": {"user": 3, "picture": "/images/DefaultProfile.png", "bio": "", "owned_books": null}}, {"model": "parent.profile", "pk": 3, "fields": {"user": 4, "picture": "/images/DefaultProfile.png", "bio": "", "owned_books": null}}, {"model": "parent.cartitem", "pk": 6, "fields": {"cart": 1, "itemsInCart": 3, "quantity": 3, "created_at": "2019-04-11"}}, {"model": "parent.cartitem", "pk": 7, "fields": {"cart": 1, "itemsInCart": 1, "quantity": 1, "created_at": "2019-04-11"}}, {"model": "parent.cartitem", "pk": 8, "fields": {"cart": 1, "itemsInCart": 5, "quantity": 1, "created_at": "2019-04-11"}}, {"model": "parent.cartitem", "pk": 12, "fields": {"cart": 3, "itemsInCart": 3, "quantity": 1, "created_at": "2019-04-13"}}, {"model": "parent.cartitem", "pk": 16, "fields": {"cart": 4, "itemsInCart": 3, "quantity": 4, "created_at": "2019-04-13"}}, {"model": "parent.saveditem", "pk": 7, "fields": {"cart": 1, "itemsSaved": 2, "created_at": "2019-04-11"}}, {"model": "parent.saveditem", "pk": 9, "fields": {"cart": 1, "itemsSaved": 4, "created_at": "2019-04-11"}}, {"model": "parent.saveditem", "pk": 11, "fields": {"cart": 1, "itemsSaved": 5, "created_at": "2019-04-11"}}, {"model": "parent.saveditem", "pk": 14, "fields": {"cart": 3, "itemsSaved": 1, "created_at": "2019-04-13"}}, {"model": "parent.saveditem", "pk": 17, "fields": {"cart": 4, "itemsSaved": 2, "created_at": "2019-04-13"}}, {"model": "parent.saveditem", "pk": 19, "fields": {"cart": 4, "itemsSaved": 5, "created_at": "2019-04-13"}}, {"model": "parent.rating", "pk": 1, "fields": {"user": 1, "book": 3, "shownick": true, "stars": 5, "created_at": "2019-04-11"}}, {"model": "parent.rating", "pk": 2, "fields": {"user": 1, "book": 2, "shownick": true, "stars": 3, "created_at": "2019-04-11"}}, {"model": "parent.rating", "pk": 3, "fields": {"user": 3, "book": 11, "shownick": true, "stars": 4, "created_at": "2019-04-13"}}, {"model": "admin.logentry", "pk": 1, "fields": {"action_time": "2019-04-11T18:53:37.574Z", "user": 1, "content_type": 7, "object_id": "1", "object_repr": "Nicholas Zakas", "action_flag": 1, "change_message": "[{\"added\": {}}]"}}, {"model": "admin.logentry", "pk": 2, "fields": {"action_time": "2019-04-11T18:53:53.640Z", "user": 1, "content_type": 7, "object_id": "2", "object_repr": "Douglas Crockford", "action_flag": 1, "change_message": "[{\"added\": {}}]"}}, {"model": "admin.logentry", "pk": 3, "fields": {"action_time": "2019-04-11T18:54:26.902Z", "user": 1, "content_type": 7, "object_id": "3", "object_repr": "Epictetus", "action_flag": 1, "change_message": "[{\"added\": {}}]"}}, {"model": "admin.logentry", "pk": 4, "fields": {"action_time": "2019-04-11T18:54:44.751Z", "user": 1, "content_type": 7, "object_id": "4", "object_repr": "Marcus Aurelius", "action_flag": 1, "change_message": "[{\"added\": {}}]"}}, {"model": "admin.logentry", "pk": 5, "fields": {"action_time": "2019-04-11T18:55:11.565Z", "user": 1, "content_type": 11, "object_id": "1", "object_repr": "Philosophy", "action_flag": 1, "change_message": "[{\"added\": {}}]"}}, {"model": "admin.logentry", "pk": 6, "fields": {"action_time": "2019-04-11T18:55:39.631Z", "user": 1, "content_type": 11, "object_id": "2", "object_repr": "Computer Science", "action_flag": 1, "change_message": "[{\"added\": {}}]"}}, {"model": "admin.logentry", "pk": 7, "fields": {"action_time": "2019-04-11T18:58:42.266Z", "user": 1, "content_type": 8, "object_id": "1", "object_repr": "Understanding ECMAScript 6: The Definitive Guide for JavaScript Developers", "action_flag": 1, "change_message": "[{\"added\": {}}]"}}, {"model": "admin.logentry", "pk": 8, "fields": {"action_time": "2019-04-11T18:59:54.924Z", "user": 1, "content_type": 8, "object_id": "2", "object_repr": "How JavaScript Works", "action_flag": 1, "change_message": "[{\"added\": {}}]"}}, {"model": "admin.logentry", "pk": 9, "fields": {"action_time": "2019-04-11T19:02:10.749Z", "user": 1, "content_type": 8, "object_id": "3", "object_repr": "Enchiridion", "action_flag": 1, "change_message": "[{\"added\": {}}]"}}, {"model": "admin.logentry", "pk": 10, "fields": {"action_time": "2019-04-11T19:03:44.952Z", "user": 1, "content_type": 15, "object_id": "1", "object_repr": "ShoppingCart object (1)", "action_flag": 1, "change_message": "[{\"added\": {}}]"}}, {"model": "admin.logentry", "pk": 11, "fields": {"action_time": "2019-04-11T19:04:06.136Z", "user": 1, "content_type": 10, "object_id": "1", "object_repr": "\"Understanding ECMAScript 6: The Definitive Guide for JavaScript Developers\" | 1 | $19.28 | 1", "action_flag": 1, "change_message": "[{\"added\": {}}]"}}, {"model": "admin.logentry", "pk": 12, "fields": {"action_time": "2019-04-11T19:04:14.229Z", "user": 1, "content_type": 10, "object_id": "2", "object_repr": "\"How JavaScript Works\" | 1 | $50.00 | 2", "action_flag": 1, "change_message": "[{\"added\": {}}]"}}, {"model": "admin.logentry", "pk": 13, "fields": {"action_time": "2019-04-11T23:38:33.221Z", "user": 1, "content_type": 4, "object_id": "2", "object_repr": "Alvaro", "action_flag": 1, "change_message": "[{\"added\": {}}]"}}, {"model": "admin.logentry", "pk": 14, "fields": {"action_time": "2019-04-11T23:40:18.772Z", "user": 1, "content_type": 16, "object_id": "1", "object_repr": "User object (1)", "action_flag": 1, "change_message": "[{\"added\": {}}]"}}, {"model": "admin.logentry", "pk": 15, "fields": {"action_time": "2019-04-11T23:40:38.400Z", "user": 1, "content_type": 13, "object_id": "1", "object_repr": "Rating object (1)", "action_flag": 1, "change_message": "[{\"added\": {}}]"}}, {"model": "admin.logentry", "pk": 16, "fields": {"action_time": "2019-04-11T23:40:50.735Z", "user": 1, "content_type": 13, "object_id": "2", "object_repr": "Rating object (2)", "action_flag": 1, "change_message": "[{\"added\": {}}]"}}, {"model": "admin.logentry", "pk": 17, "fields": {"action_time": "2019-04-12T00:01:03.725Z", "user": 1, "content_type": 7, "object_id": "5", "object_repr": "Eric Matthes", "action_flag": 1, "change_message": "[{\"added\": {}}]"}}, {"model": "admin.logentry", "pk": 18, "fields": {"action_time": "2019-04-12T00:01:35.989Z", "user": 1, "content_type": 7, "object_id": "6", "object_repr": "Mark Lutz", "action_flag": 1, "change_message": "[{\"added\": {}}]"}}, {"model": "admin.logentry", "pk": 19, "fields": {"action_time": "2019-04-12T00:03:18.412Z", "user": 1, "content_type": 8, "object_id": "4", "object_repr": "Learning Python 5th Edition", "action_flag": 1, "change_message": "[{\"added\": {}}]"}}, {"model": "admin.logentry", "pk": 20, "fields": {"action_time": "2019-04-12T00:05:00.474Z", "user": 1, "content_type": 8, "object_id": "5", "object_repr": "Python Crash Course: A Hands-On, Project-Based Introduction to Programming", "action_flag": 1, "change_message": "[{\"added\": {}}]"}}, {"model": "admin.logentry", "pk": 21, "fields": {"action_time": "2019-04-12T01:15:42.054Z", "user": 1, "content_type": 15, "object_id": "1", "object_repr": "ShoppingCart object (1)", "action_flag": 2, "change_message": "[{\"changed\": {\"fields\": [\"price\"]}}]"}}, {"model": "admin.logentry", "pk": 22, "fields": {"action_time": "2019-04-12T01:17:03.110Z", "user": 1, "content_type": 14, "object_id": "5", "object_repr": "\"Understanding ECMAScript 6: The Definitive Guide for JavaScript Developers\" | $19.28 | 1", "action_flag": 2, "change_message": "[{\"changed\": {\"fields\": [\"itemsSaved\"]}}]"}}, {"model": "admin.logentry", "pk": 23, "fields": {"action_time": "2019-04-12T01:17:11.494Z", "user": 1, "content_type": 14, "object_id": "5", "object_repr": "\"Python Crash Course: A Hands-On, Project-Based Introduction to Programming\" | $27.26 | 5", "action_flag": 2, "change_message": "[{\"changed\": {\"fields\": [\"itemsSaved\"]}}]"}}, {"model": "admin.logentry", "pk": 24, "fields": {"action_time": "2019-04-12T01:18:08.642Z", "user": 1, "content_type": 14, "object_id": "5", "object_repr": "\"Python Crash Course: A Hands-On, Project-Based Introduction to Programming\" | $27.26 | 5", "action_flag": 3, "change_message": ""}}, {"model": "admin.logentry", "pk": 25, "fields": {"action_time": "2019-04-13T05:59:40.595Z", "user": 1, "content_type": 20, "object_id": "1", "object_repr": "alvaro", "action_flag": 2, "change_message": "[{\"changed\": {\"fields\": [\"nickname\", \"cart\"]}}]"}}, {"model": "admin.logentry", "pk": 26, "fields": {"action_time": "2019-04-13T06:15:06.449Z", "user": 1, "content_type": 7, "object_id": "7", "object_repr": "Bryan Lee O'Malley", "action_flag": 1, "change_message": "[{\"added\": {}}]"}}, {"model": "admin.logentry", "pk": 27, "fields": {"action_time": "2019-04-13T06:15:56.987Z", "user": 1, "content_type": 11, "object_id": "3", "object_repr": "Comedy", "action_flag": 1, "change_message": "[{\"added\": {}}]"}}, {"model": "admin.logentry", "pk": 28, "fields": {"action_time": "2019-04-13T06:17:36.436Z", "user": 1, "content_type": 8, "object_id": "6", "object_repr": "Scott Pilgrim's Precious Little Life", "action_flag": 1, "change_message": "[{\"added\": {}}]"}}, {"model": "admin.logentry", "pk": 29, "fields": {"action_time": "2019-04-13T06:19:23.154Z", "user": 1, "content_type": 8, "object_id": "7", "object_repr": "Scott Pilgrim vs The World", "action_flag": 1, "change_message": "[{\"added\": {}}]"}}, {"model": "admin.logentry", "pk": 30, "fields": {"action_time": "2019-04-13T06:20:33.310Z", "user": 1, "content_type": 8, "object_id": "8", "object_repr": "Scott Pilgrim & The Infinite Sadness", "action_flag": 1, "change_message": "[{\"added\": {}}]"}}, {"model": "admin.logentry", "pk": 31, "fields": {"action_time": "2019-04-13T06:22:54.790Z", "user": 1, "content_type": 8, "object_id": "9", "object_repr": "Scott Pilgrim Gets It Together", "action_flag": 1, "change_message": "[{\"added\": {}}]"}}, {"model": "admin.logentry", "pk": 32, "fields": {"action_time": "2019-04-13T06:23:50.164Z", "user": 1, "content_type": 8, "object_id": "10", "object_repr": "Scott Pilgrim vs The Universe", "action_flag": 1, "change_message": "[{\"added\": {}}]"}}, {"model": "admin.logentry", "pk": 33, "fields": {"action_time": "2019-04-13T06:24:40.052Z", "user": 1, "content_type": 8, "object_id": "11", "object_repr": "Scott Pilgrim's Finest Hour", "action_flag": 1, "change_message": "[{\"added\": {}}]"}}, {"model": "admin.logentry", "pk": 34, "fields": {"action_time": "2019-04-13T06:25:18.847Z", "user": 1, "content_type": 16, "object_id": "3", "object_repr": "Rating object (3)", "action_flag": 1, "change_message": "[{\"added\": {}}]"}}]